-- phpMyAdmin SQL Dump
-- version 4.8.5
-- https://www.phpmyadmin.net/
--
-- Host: 127.0.0.1
-- Generation Time: Mar 11, 2020 at 08:28 AM
-- Server version: 10.1.38-MariaDB
-- PHP Version: 7.3.3

SET SQL_MODE = "NO_AUTO_VALUE_ON_ZERO";
SET AUTOCOMMIT = 0;
START TRANSACTION;
SET time_zone = "+00:00";


/*!40101 SET @OLD_CHARACTER_SET_CLIENT=@@CHARACTER_SET_CLIENT */;
/*!40101 SET @OLD_CHARACTER_SET_RESULTS=@@CHARACTER_SET_RESULTS */;
/*!40101 SET @OLD_COLLATION_CONNECTION=@@COLLATION_CONNECTION */;
/*!40101 SET NAMES utf8mb4 */;

--
-- Database: `sss`
--

-- --------------------------------------------------------

--
-- Table structure for table `ledger`
--

CREATE TABLE `ledger` (
  `id` int(11) NOT NULL,
  `name` varchar(255) DEFAULT NULL,
  `balance` decimal(14,2) NOT NULL,
  `created_at` timestamp NOT NULL DEFAULT CURRENT_TIMESTAMP
) ENGINE=InnoDB DEFAULT CHARSET=utf8mb4;

--
-- Dumping data for table `ledger`
--

INSERT INTO `ledger` (`id`, `name`, `balance`, `created_at`) VALUES
(1, 'Administrative', '450.00', '2020-03-06 09:42:48'),
(2, 'Nominee Change', '0.00', '2020-03-06 09:42:48'),
(3, 'Institute', '360.00', '2020-03-06 09:43:01'),
(4, 'Penalty', '0.00', '2020-03-06 09:43:10');

-- --------------------------------------------------------

--
-- Table structure for table `periodic_email`
--

CREATE TABLE `periodic_email` (
  `id` int(11) NOT NULL,
  `member_email` varchar(200) DEFAULT NULL,
  `subject` varchar(300) DEFAULT NULL,
  `body` mediumtext,
  `attempts` tinyint(4) DEFAULT '0',
  `is_sent` varchar(20) NOT NULL DEFAULT 'No' COMMENT 'Yes/No',
  `created_at` timestamp NOT NULL DEFAULT CURRENT_TIMESTAMP,
  `update_at` timestamp NULL DEFAULT NULL ON UPDATE CURRENT_TIMESTAMP
) ENGINE=InnoDB DEFAULT CHARSET=utf8mb4;

-- --------------------------------------------------------

--
-- Table structure for table `periodic_email_attachments`
--

CREATE TABLE `periodic_email_attachments` (
  `id` int(11) NOT NULL,
  `periodic_email_id` int(11) DEFAULT NULL,
  `file_name` varchar(200) DEFAULT NULL,
  `json_payload` text,
  `view_file_path` varchar(200) DEFAULT NULL
) ENGINE=InnoDB DEFAULT CHARSET=utf8mb4;

-- --------------------------------------------------------

--
-- Table structure for table `transactions`
--

CREATE TABLE `transactions` (
  `id` int(11) NOT NULL,
  `user_id` int(11) NOT NULL,
  `amount` decimal(14,2) DEFAULT NULL,
  `ledger_id` int(11) DEFAULT NULL,
  `demise_user_id` int(11) DEFAULT NULL,
  `date_created` datetime DEFAULT NULL,
  `date_paid` datetime DEFAULT NULL,
  `payment_mode` varchar(255) DEFAULT NULL,
  `status` enum('PAID','UNPAID') NOT NULL DEFAULT 'UNPAID' COMMENT 'PAID|UNPAID',
  `type` enum('Debit','Credit') NOT NULL DEFAULT 'Debit',
  `financial_year` year(4) DEFAULT NULL,
  `fy_start_date` date DEFAULT NULL,
  `fy_end_date` date DEFAULT NULL,
  `penalty_month` int(11) DEFAULT NULL,
  `penalty_year` int(11) DEFAULT NULL
) ENGINE=InnoDB DEFAULT CHARSET=utf8mb4;

--
-- Dumping data for table `transactions`
--

INSERT INTO `transactions` (`id`, `user_id`, `amount`, `ledger_id`, `demise_user_id`, `date_created`, `date_paid`, `payment_mode`, `status`, `type`, `financial_year`, `fy_start_date`, `fy_end_date`, `penalty_month`, `penalty_year`) VALUES
(1, 2, '120.00', 3, NULL, '2020-03-07 18:38:37', NULL, 'Deposite', 'PAID', 'Debit', NULL, NULL, NULL, NULL, NULL),
(2, 2, '90.00', 1, NULL, '2020-03-07 18:38:37', NULL, 'Deposite', 'PAID', 'Debit', NULL, NULL, NULL, NULL, NULL),
(3, 3, '120.00', 3, NULL, '2020-03-07 18:38:37', NULL, 'CHEQUE', 'PAID', 'Debit', NULL, NULL, NULL, NULL, NULL),
(4, 3, '100.00', NULL, 10, '2020-03-07 18:38:37', NULL, 'CHEQUE', 'PAID', 'Debit', NULL, NULL, NULL, NULL, NULL),
(5, 3, '100.00', NULL, 12, '2020-03-07 18:38:37', NULL, 'CHEQUE', 'PAID', 'Debit', NULL, NULL, NULL, NULL, NULL),
(6, 3, '100.00', NULL, 25, '2020-03-07 18:38:37', NULL, 'CHEQUE', 'PAID', 'Debit', NULL, NULL, NULL, NULL, NULL),
(7, 3, '100.00', NULL, 30, '2020-03-07 18:38:37', NULL, 'CHEQUE', 'PAID', 'Debit', NULL, NULL, NULL, NULL, NULL),
(8, 3, '90.00', 1, NULL, '2020-03-07 18:38:37', NULL, 'CHEQUE', 'PAID', 'Debit', NULL, NULL, NULL, NULL, NULL),
(9, 4, '120.00', 3, NULL, '2020-03-07 18:38:38', NULL, NULL, 'UNPAID', 'Debit', NULL, NULL, NULL, NULL, NULL),
(10, 4, '100.00', NULL, 10, '2020-03-07 18:38:38', NULL, NULL, 'UNPAID', 'Debit', NULL, NULL, NULL, NULL, NULL),
(11, 4, '100.00', NULL, 12, '2020-03-07 18:38:38', NULL, NULL, 'UNPAID', 'Debit', NULL, NULL, NULL, NULL, NULL),
(12, 4, '100.00', NULL, 25, '2020-03-07 18:38:38', NULL, NULL, 'UNPAID', 'Debit', NULL, NULL, NULL, NULL, NULL),
(13, 4, '100.00', NULL, 30, '2020-03-07 18:38:38', NULL, NULL, 'UNPAID', 'Debit', NULL, NULL, NULL, NULL, NULL),
(14, 4, '90.00', 1, NULL, '2020-03-07 18:38:38', NULL, NULL, 'UNPAID', 'Debit', NULL, NULL, NULL, NULL, NULL),
(15, 5, '120.00', 3, NULL, '2020-03-07 18:38:38', NULL, 'CHEQUE', 'PAID', 'Debit', NULL, NULL, NULL, NULL, NULL),
(16, 5, '100.00', NULL, 10, '2020-03-07 18:38:38', NULL, 'CHEQUE', 'PAID', 'Debit', NULL, NULL, NULL, NULL, NULL),
(17, 5, '100.00', NULL, 12, '2020-03-07 18:38:38', NULL, 'CHEQUE', 'PAID', 'Debit', NULL, NULL, NULL, NULL, NULL),
(18, 5, '100.00', NULL, 25, '2020-03-07 18:38:38', NULL, 'CHEQUE', 'PAID', 'Debit', NULL, NULL, NULL, NULL, NULL),
(19, 5, '100.00', NULL, 30, '2020-03-07 18:38:38', NULL, 'CHEQUE', 'PAID', 'Debit', NULL, NULL, NULL, NULL, NULL),
(20, 5, '90.00', 1, NULL, '2020-03-07 18:38:38', NULL, 'CHEQUE', 'PAID', 'Debit', NULL, NULL, NULL, NULL, NULL),
(21, 6, '120.00', 3, NULL, '2020-03-07 18:38:38', NULL, NULL, 'UNPAID', 'Debit', NULL, NULL, NULL, NULL, NULL),
(22, 6, '100.00', NULL, 10, '2020-03-07 18:38:38', NULL, NULL, 'UNPAID', 'Debit', NULL, NULL, NULL, NULL, NULL),
(23, 6, '100.00', NULL, 12, '2020-03-07 18:38:38', NULL, NULL, 'UNPAID', 'Debit', NULL, NULL, NULL, NULL, NULL),
(24, 6, '100.00', NULL, 25, '2020-03-07 18:38:38', NULL, NULL, 'UNPAID', 'Debit', NULL, NULL, NULL, NULL, NULL),
(25, 6, '100.00', NULL, 30, '2020-03-07 18:38:38', NULL, NULL, 'UNPAID', 'Debit', NULL, NULL, NULL, NULL, NULL),
(26, 6, '90.00', 1, NULL, '2020-03-07 18:38:38', NULL, NULL, 'UNPAID', 'Debit', NULL, NULL, NULL, NULL, NULL),
(27, 7, '120.00', 3, NULL, '2020-03-07 18:38:38', NULL, 'CHEQUE', 'PAID', 'Debit', NULL, NULL, NULL, NULL, NULL),
(28, 7, '100.00', NULL, 10, '2020-03-07 18:38:38', NULL, 'CHEQUE', 'PAID', 'Debit', NULL, NULL, NULL, NULL, NULL),
(29, 7, '100.00', NULL, 12, '2020-03-07 18:38:38', NULL, 'CHEQUE', 'PAID', 'Debit', NULL, NULL, NULL, NULL, NULL),
(30, 7, '100.00', NULL, 25, '2020-03-07 18:38:38', NULL, 'CHEQUE', 'PAID', 'Debit', NULL, NULL, NULL, NULL, NULL),
(31, 7, '100.00', NULL, 30, '2020-03-07 18:38:38', NULL, 'CHEQUE', 'PAID', 'Debit', NULL, NULL, NULL, NULL, NULL),
(32, 7, '90.00', 1, NULL, '2020-03-07 18:38:38', NULL, 'CHEQUE', 'PAID', 'Debit', NULL, NULL, NULL, NULL, NULL),
(33, 8, '120.00', 3, NULL, '2020-03-07 18:38:38', NULL, NULL, 'UNPAID', 'Debit', NULL, NULL, NULL, NULL, NULL),
(34, 8, '100.00', NULL, 10, '2020-03-07 18:38:38', NULL, NULL, 'UNPAID', 'Debit', NULL, NULL, NULL, NULL, NULL),
(35, 8, '100.00', NULL, 12, '2020-03-07 18:38:38', NULL, NULL, 'UNPAID', 'Debit', NULL, NULL, NULL, NULL, NULL),
(36, 8, '100.00', NULL, 25, '2020-03-07 18:38:38', NULL, NULL, 'UNPAID', 'Debit', NULL, NULL, NULL, NULL, NULL),
(37, 8, '100.00', NULL, 30, '2020-03-07 18:38:38', NULL, NULL, 'UNPAID', 'Debit', NULL, NULL, NULL, NULL, NULL),
(38, 8, '90.00', 1, NULL, '2020-03-07 18:38:38', NULL, NULL, 'UNPAID', 'Debit', NULL, NULL, NULL, NULL, NULL),
(39, 9, '120.00', 3, NULL, '2020-03-07 18:38:38', NULL, NULL, 'UNPAID', 'Debit', NULL, NULL, NULL, NULL, NULL),
(40, 9, '100.00', NULL, 10, '2020-03-07 18:38:38', NULL, NULL, 'UNPAID', 'Debit', NULL, NULL, NULL, NULL, NULL),
(41, 9, '100.00', NULL, 12, '2020-03-07 18:38:38', NULL, NULL, 'UNPAID', 'Debit', NULL, NULL, NULL, NULL, NULL),
(42, 9, '100.00', NULL, 25, '2020-03-07 18:38:38', NULL, NULL, 'UNPAID', 'Debit', NULL, NULL, NULL, NULL, NULL),
(43, 9, '100.00', NULL, 30, '2020-03-07 18:38:38', NULL, NULL, 'UNPAID', 'Debit', NULL, NULL, NULL, NULL, NULL),
(44, 9, '90.00', 1, NULL, '2020-03-07 18:38:39', NULL, NULL, 'UNPAID', 'Debit', NULL, NULL, NULL, NULL, NULL),
(45, 11, '120.00', 3, NULL, '2020-03-07 18:38:39', NULL, 'Deposite', 'PAID', 'Debit', NULL, NULL, NULL, NULL, NULL),
(46, 11, '100.00', NULL, 10, '2020-03-07 18:38:39', NULL, 'Deposite', 'PAID', 'Debit', NULL, NULL, NULL, NULL, NULL),
(47, 11, '100.00', NULL, 12, '2020-03-07 18:38:39', NULL, 'Deposite', 'PAID', 'Debit', NULL, NULL, NULL, NULL, NULL),
(48, 11, '100.00', NULL, 25, '2020-03-07 18:38:39', NULL, 'Deposite', 'PAID', 'Debit', NULL, NULL, NULL, NULL, NULL),
(49, 11, '100.00', NULL, 30, '2020-03-07 18:38:39', NULL, 'Deposite', 'PAID', 'Debit', NULL, NULL, NULL, NULL, NULL),
(50, 11, '90.00', 1, NULL, '2020-03-07 18:38:39', NULL, 'Deposite', 'PAID', 'Debit', NULL, NULL, NULL, NULL, NULL),
(51, 13, '120.00', 3, NULL, '2020-03-07 18:38:39', NULL, 'Deposite', 'PAID', 'Debit', NULL, NULL, NULL, NULL, NULL),
(52, 13, '100.00', NULL, 10, '2020-03-07 18:38:39', NULL, 'Deposite', 'PAID', 'Debit', NULL, NULL, NULL, NULL, NULL),
(53, 13, '100.00', NULL, 12, '2020-03-07 18:38:39', NULL, 'Deposite', 'PAID', 'Debit', NULL, NULL, NULL, NULL, NULL),
(54, 13, '100.00', NULL, 25, '2020-03-07 18:38:39', NULL, 'Deposite', 'PAID', 'Debit', NULL, NULL, NULL, NULL, NULL),
(55, 13, '100.00', NULL, 30, '2020-03-07 18:38:39', NULL, 'Deposite', 'PAID', 'Debit', NULL, NULL, NULL, NULL, NULL),
(56, 13, '90.00', 1, NULL, '2020-03-07 18:38:39', NULL, 'Deposite', 'PAID', 'Debit', NULL, NULL, NULL, NULL, NULL),
(57, 14, '120.00', 3, NULL, '2020-03-07 18:38:39', NULL, 'Deposite', 'PAID', 'Debit', NULL, NULL, NULL, NULL, NULL),
(58, 14, '100.00', NULL, 10, '2020-03-07 18:38:39', NULL, 'Deposite', 'PAID', 'Debit', NULL, NULL, NULL, NULL, NULL),
(59, 14, '100.00', NULL, 12, '2020-03-07 18:38:40', NULL, 'Deposite', 'PAID', 'Debit', NULL, NULL, NULL, NULL, NULL),
(60, 14, '100.00', NULL, 25, '2020-03-07 18:38:40', NULL, 'Deposite', 'PAID', 'Debit', NULL, NULL, NULL, NULL, NULL),
(61, 14, '100.00', NULL, 30, '2020-03-07 18:38:40', NULL, 'Deposite', 'PAID', 'Debit', NULL, NULL, NULL, NULL, NULL),
(62, 14, '90.00', 1, NULL, '2020-03-07 18:38:40', NULL, 'Deposite', 'PAID', 'Debit', NULL, NULL, NULL, NULL, NULL),
(63, 15, '120.00', 3, NULL, '2020-03-07 18:38:40', NULL, NULL, 'UNPAID', 'Debit', NULL, NULL, NULL, NULL, NULL),
(64, 15, '100.00', NULL, 10, '2020-03-07 18:38:40', NULL, NULL, 'UNPAID', 'Debit', NULL, NULL, NULL, NULL, NULL),
(65, 15, '100.00', NULL, 12, '2020-03-07 18:38:40', NULL, NULL, 'UNPAID', 'Debit', NULL, NULL, NULL, NULL, NULL),
(66, 15, '100.00', NULL, 25, '2020-03-07 18:38:40', NULL, NULL, 'UNPAID', 'Debit', NULL, NULL, NULL, NULL, NULL),
(67, 15, '100.00', NULL, 30, '2020-03-07 18:38:40', NULL, NULL, 'UNPAID', 'Debit', NULL, NULL, NULL, NULL, NULL),
(68, 15, '90.00', 1, NULL, '2020-03-07 18:38:40', NULL, NULL, 'UNPAID', 'Debit', NULL, NULL, NULL, NULL, NULL),
(69, 16, '120.00', 3, NULL, '2020-03-07 18:38:40', NULL, NULL, 'UNPAID', 'Debit', NULL, NULL, NULL, NULL, NULL),
(70, 16, '100.00', NULL, 10, '2020-03-07 18:38:40', NULL, NULL, 'UNPAID', 'Debit', NULL, NULL, NULL, NULL, NULL),
(71, 16, '100.00', NULL, 12, '2020-03-07 18:38:40', NULL, NULL, 'UNPAID', 'Debit', NULL, NULL, NULL, NULL, NULL),
(72, 16, '100.00', NULL, 25, '2020-03-07 18:38:40', NULL, NULL, 'UNPAID', 'Debit', NULL, NULL, NULL, NULL, NULL),
(73, 16, '100.00', NULL, 30, '2020-03-07 18:38:40', NULL, NULL, 'UNPAID', 'Debit', NULL, NULL, NULL, NULL, NULL),
(74, 16, '90.00', 1, NULL, '2020-03-07 18:38:40', NULL, NULL, 'UNPAID', 'Debit', NULL, NULL, NULL, NULL, NULL),
(75, 17, '120.00', 3, NULL, '2020-03-07 18:38:40', NULL, NULL, 'UNPAID', 'Debit', NULL, NULL, NULL, NULL, NULL),
(76, 17, '100.00', NULL, 10, '2020-03-07 18:38:40', NULL, NULL, 'UNPAID', 'Debit', NULL, NULL, NULL, NULL, NULL),
(77, 17, '100.00', NULL, 12, '2020-03-07 18:38:40', NULL, NULL, 'UNPAID', 'Debit', NULL, NULL, NULL, NULL, NULL),
(78, 17, '100.00', NULL, 25, '2020-03-07 18:38:40', NULL, NULL, 'UNPAID', 'Debit', NULL, NULL, NULL, NULL, NULL),
(79, 17, '100.00', NULL, 30, '2020-03-07 18:38:40', NULL, NULL, 'UNPAID', 'Debit', NULL, NULL, NULL, NULL, NULL),
(80, 17, '90.00', 1, NULL, '2020-03-07 18:38:40', NULL, NULL, 'UNPAID', 'Debit', NULL, NULL, NULL, NULL, NULL),
(81, 18, '120.00', 3, NULL, '2020-03-07 18:38:40', NULL, NULL, 'UNPAID', 'Debit', NULL, NULL, NULL, NULL, NULL),
(82, 18, '100.00', NULL, 10, '2020-03-07 18:38:40', NULL, NULL, 'UNPAID', 'Debit', NULL, NULL, NULL, NULL, NULL),
(83, 18, '100.00', NULL, 12, '2020-03-07 18:38:40', NULL, NULL, 'UNPAID', 'Debit', NULL, NULL, NULL, NULL, NULL),
(84, 18, '100.00', NULL, 25, '2020-03-07 18:38:41', NULL, NULL, 'UNPAID', 'Debit', NULL, NULL, NULL, NULL, NULL),
(85, 18, '100.00', NULL, 30, '2020-03-07 18:38:41', NULL, NULL, 'UNPAID', 'Debit', NULL, NULL, NULL, NULL, NULL),
(86, 18, '90.00', 1, NULL, '2020-03-07 18:38:41', NULL, NULL, 'UNPAID', 'Debit', NULL, NULL, NULL, NULL, NULL),
(87, 19, '120.00', 3, NULL, '2020-03-07 18:38:41', NULL, NULL, 'UNPAID', 'Debit', NULL, NULL, NULL, NULL, NULL),
(88, 19, '100.00', NULL, 10, '2020-03-07 18:38:41', NULL, NULL, 'UNPAID', 'Debit', NULL, NULL, NULL, NULL, NULL),
(89, 19, '100.00', NULL, 12, '2020-03-07 18:38:41', NULL, NULL, 'UNPAID', 'Debit', NULL, NULL, NULL, NULL, NULL),
(90, 19, '100.00', NULL, 25, '2020-03-07 18:38:41', NULL, NULL, 'UNPAID', 'Debit', NULL, NULL, NULL, NULL, NULL),
(91, 19, '100.00', NULL, 30, '2020-03-07 18:38:41', NULL, NULL, 'UNPAID', 'Debit', NULL, NULL, NULL, NULL, NULL),
(92, 19, '90.00', 1, NULL, '2020-03-07 18:38:41', NULL, NULL, 'UNPAID', 'Debit', NULL, NULL, NULL, NULL, NULL),
(93, 20, '120.00', 3, NULL, '2020-03-07 18:38:41', NULL, 'Deposite', 'PAID', 'Debit', NULL, NULL, NULL, NULL, NULL),
(94, 20, '100.00', NULL, 10, '2020-03-07 18:38:42', NULL, 'Deposite', 'PAID', 'Debit', NULL, NULL, NULL, NULL, NULL),
(95, 20, '100.00', NULL, 12, '2020-03-07 18:38:42', NULL, 'Deposite', 'PAID', 'Debit', NULL, NULL, NULL, NULL, NULL),
(96, 20, '100.00', NULL, 25, '2020-03-07 18:38:42', NULL, 'Deposite', 'PAID', 'Debit', NULL, NULL, NULL, NULL, NULL),
(97, 20, '100.00', NULL, 30, '2020-03-07 18:38:42', NULL, 'Deposite', 'PAID', 'Debit', NULL, NULL, NULL, NULL, NULL),
(98, 20, '90.00', 1, NULL, '2020-03-07 18:38:42', NULL, 'Deposite', 'PAID', 'Debit', NULL, NULL, NULL, NULL, NULL),
(99, 21, '120.00', 3, NULL, '2020-03-07 18:38:42', NULL, 'Deposite', 'PAID', 'Debit', NULL, NULL, NULL, NULL, NULL),
(100, 21, '100.00', NULL, 10, '2020-03-07 18:38:42', NULL, 'Deposite', 'PAID', 'Debit', NULL, NULL, NULL, NULL, NULL),
(101, 21, '100.00', NULL, 12, '2020-03-07 18:38:42', NULL, 'Deposite', 'PAID', 'Debit', NULL, NULL, NULL, NULL, NULL),
(102, 21, '100.00', NULL, 25, '2020-03-07 18:38:42', NULL, 'Deposite', 'PAID', 'Debit', NULL, NULL, NULL, NULL, NULL),
(103, 21, '100.00', NULL, 30, '2020-03-07 18:38:42', NULL, 'Deposite', 'PAID', 'Debit', NULL, NULL, NULL, NULL, NULL),
(104, 21, '90.00', 1, NULL, '2020-03-07 18:38:42', NULL, 'Deposite', 'PAID', 'Debit', NULL, NULL, NULL, NULL, NULL),
(105, 22, '120.00', 3, NULL, '2020-03-07 18:38:42', NULL, 'Deposite', 'PAID', 'Debit', NULL, NULL, NULL, NULL, NULL),
(106, 22, '100.00', NULL, 10, '2020-03-07 18:38:43', NULL, 'Deposite', 'PAID', 'Debit', NULL, NULL, NULL, NULL, NULL),
(107, 22, '100.00', NULL, 12, '2020-03-07 18:38:43', NULL, 'Deposite', 'PAID', 'Debit', NULL, NULL, NULL, NULL, NULL),
(108, 22, '100.00', NULL, 25, '2020-03-07 18:38:43', NULL, 'Deposite', 'PAID', 'Debit', NULL, NULL, NULL, NULL, NULL),
(109, 22, '100.00', NULL, 30, '2020-03-07 18:38:43', NULL, 'Deposite', 'PAID', 'Debit', NULL, NULL, NULL, NULL, NULL),
(110, 22, '90.00', 1, NULL, '2020-03-07 18:38:43', NULL, 'Deposite', 'PAID', 'Debit', NULL, NULL, NULL, NULL, NULL),
(111, 23, '120.00', 3, NULL, '2020-03-07 18:38:43', NULL, 'Deposite', 'PAID', 'Debit', NULL, NULL, NULL, NULL, NULL),
(112, 23, '100.00', NULL, 10, '2020-03-07 18:38:43', NULL, 'Deposite', 'PAID', 'Debit', NULL, NULL, NULL, NULL, NULL),
(113, 23, '100.00', NULL, 12, '2020-03-07 18:38:43', NULL, 'Deposite', 'PAID', 'Debit', NULL, NULL, NULL, NULL, NULL),
(114, 23, '100.00', NULL, 25, '2020-03-07 18:38:43', NULL, 'Deposite', 'PAID', 'Debit', NULL, NULL, NULL, NULL, NULL),
(115, 23, '100.00', NULL, 30, '2020-03-07 18:38:43', NULL, 'Deposite', 'PAID', 'Debit', NULL, NULL, NULL, NULL, NULL),
(116, 23, '90.00', 1, NULL, '2020-03-07 18:38:44', NULL, 'Deposite', 'PAID', 'Debit', NULL, NULL, NULL, NULL, NULL),
(117, 24, '120.00', 3, NULL, '2020-03-07 18:38:44', NULL, 'Deposite', 'PAID', 'Debit', NULL, NULL, NULL, NULL, NULL),
(118, 24, '100.00', NULL, 10, '2020-03-07 18:38:44', NULL, 'Deposite', 'PAID', 'Debit', NULL, NULL, NULL, NULL, NULL),
(119, 24, '100.00', NULL, 12, '2020-03-07 18:38:44', NULL, 'Deposite', 'PAID', 'Debit', NULL, NULL, NULL, NULL, NULL),
(120, 24, '100.00', NULL, 25, '2020-03-07 18:38:44', NULL, 'Deposite', 'PAID', 'Debit', NULL, NULL, NULL, NULL, NULL),
(121, 24, '100.00', NULL, 30, '2020-03-07 18:38:44', NULL, 'Deposite', 'PAID', 'Debit', NULL, NULL, NULL, NULL, NULL),
(122, 24, '90.00', 1, NULL, '2020-03-07 18:38:44', NULL, 'Deposite', 'PAID', 'Debit', NULL, NULL, NULL, NULL, NULL),
(123, 26, '120.00', 3, NULL, '2020-03-07 18:38:44', NULL, NULL, 'UNPAID', 'Debit', NULL, NULL, NULL, NULL, NULL),
(124, 26, '100.00', NULL, 10, '2020-03-07 18:38:44', NULL, NULL, 'UNPAID', 'Debit', NULL, NULL, NULL, NULL, NULL),
(125, 26, '100.00', NULL, 12, '2020-03-07 18:38:44', NULL, NULL, 'UNPAID', 'Debit', NULL, NULL, NULL, NULL, NULL),
(126, 26, '100.00', NULL, 25, '2020-03-07 18:38:44', NULL, NULL, 'UNPAID', 'Debit', NULL, NULL, NULL, NULL, NULL),
(127, 26, '100.00', NULL, 30, '2020-03-07 18:38:44', NULL, NULL, 'UNPAID', 'Debit', NULL, NULL, NULL, NULL, NULL),
(128, 26, '90.00', 1, NULL, '2020-03-07 18:38:44', NULL, NULL, 'UNPAID', 'Debit', NULL, NULL, NULL, NULL, NULL),
(129, 27, '120.00', 3, NULL, '2020-03-07 18:38:44', NULL, NULL, 'UNPAID', 'Debit', NULL, NULL, NULL, NULL, NULL),
(130, 27, '100.00', NULL, 10, '2020-03-07 18:38:44', NULL, NULL, 'UNPAID', 'Debit', NULL, NULL, NULL, NULL, NULL),
(131, 27, '100.00', NULL, 12, '2020-03-07 18:38:44', NULL, NULL, 'UNPAID', 'Debit', NULL, NULL, NULL, NULL, NULL),
(132, 27, '100.00', NULL, 25, '2020-03-07 18:38:44', NULL, NULL, 'UNPAID', 'Debit', NULL, NULL, NULL, NULL, NULL),
(133, 27, '100.00', NULL, 30, '2020-03-07 18:38:44', NULL, NULL, 'UNPAID', 'Debit', NULL, NULL, NULL, NULL, NULL),
(134, 27, '90.00', 1, NULL, '2020-03-07 18:38:45', NULL, NULL, 'UNPAID', 'Debit', NULL, NULL, NULL, NULL, NULL),
(135, 28, '120.00', 3, NULL, '2020-03-07 18:38:45', NULL, NULL, 'UNPAID', 'Debit', NULL, NULL, NULL, NULL, NULL),
(136, 28, '100.00', NULL, 10, '2020-03-07 18:38:45', NULL, NULL, 'UNPAID', 'Debit', NULL, NULL, NULL, NULL, NULL),
(137, 28, '100.00', NULL, 12, '2020-03-07 18:38:45', NULL, NULL, 'UNPAID', 'Debit', NULL, NULL, NULL, NULL, NULL),
(138, 28, '100.00', NULL, 25, '2020-03-07 18:38:45', NULL, NULL, 'UNPAID', 'Debit', NULL, NULL, NULL, NULL, NULL),
(139, 28, '100.00', NULL, 30, '2020-03-07 18:38:45', NULL, NULL, 'UNPAID', 'Debit', NULL, NULL, NULL, NULL, NULL),
(140, 28, '90.00', 1, NULL, '2020-03-07 18:38:45', NULL, NULL, 'UNPAID', 'Debit', NULL, NULL, NULL, NULL, NULL),
(141, 29, '120.00', 3, NULL, '2020-03-07 18:38:45', NULL, NULL, 'UNPAID', 'Debit', NULL, NULL, NULL, NULL, NULL),
(142, 29, '100.00', NULL, 10, '2020-03-07 18:38:45', NULL, NULL, 'UNPAID', 'Debit', NULL, NULL, NULL, NULL, NULL),
(143, 29, '100.00', NULL, 12, '2020-03-07 18:38:45', NULL, NULL, 'UNPAID', 'Debit', NULL, NULL, NULL, NULL, NULL),
(144, 29, '100.00', NULL, 25, '2020-03-07 18:38:45', NULL, NULL, 'UNPAID', 'Debit', NULL, NULL, NULL, NULL, NULL),
(145, 29, '100.00', NULL, 30, '2020-03-07 18:38:45', NULL, NULL, 'UNPAID', 'Debit', NULL, NULL, NULL, NULL, NULL),
(146, 29, '90.00', 1, NULL, '2020-03-07 18:38:45', NULL, NULL, 'UNPAID', 'Debit', NULL, NULL, NULL, NULL, NULL),
(147, 31, '120.00', 3, NULL, '2020-03-07 18:38:45', NULL, NULL, 'UNPAID', 'Debit', NULL, NULL, NULL, NULL, NULL),
(148, 31, '100.00', NULL, 10, '2020-03-07 18:38:45', NULL, NULL, 'UNPAID', 'Debit', NULL, NULL, NULL, NULL, NULL),
(149, 31, '100.00', NULL, 12, '2020-03-07 18:38:45', NULL, NULL, 'UNPAID', 'Debit', NULL, NULL, NULL, NULL, NULL),
(150, 31, '100.00', NULL, 25, '2020-03-07 18:38:45', NULL, NULL, 'UNPAID', 'Debit', NULL, NULL, NULL, NULL, NULL),
(151, 31, '100.00', NULL, 30, '2020-03-07 18:38:45', NULL, NULL, 'UNPAID', 'Debit', NULL, NULL, NULL, NULL, NULL),
(152, 31, '90.00', 1, NULL, '2020-03-07 18:38:45', NULL, NULL, 'UNPAID', 'Debit', NULL, NULL, NULL, NULL, NULL),
(153, 32, '120.00', 3, NULL, '2020-03-07 18:38:45', NULL, NULL, 'UNPAID', 'Debit', NULL, NULL, NULL, NULL, NULL),
(154, 32, '100.00', NULL, 10, '2020-03-07 18:38:45', NULL, NULL, 'UNPAID', 'Debit', NULL, NULL, NULL, NULL, NULL),
(155, 32, '100.00', NULL, 12, '2020-03-07 18:38:45', NULL, NULL, 'UNPAID', 'Debit', NULL, NULL, NULL, NULL, NULL),
(156, 32, '100.00', NULL, 25, '2020-03-07 18:38:45', NULL, NULL, 'UNPAID', 'Debit', NULL, NULL, NULL, NULL, NULL),
(157, 32, '100.00', NULL, 30, '2020-03-07 18:38:45', NULL, NULL, 'UNPAID', 'Debit', NULL, NULL, NULL, NULL, NULL),
(158, 32, '90.00', 1, NULL, '2020-03-07 18:38:45', NULL, NULL, 'UNPAID', 'Debit', NULL, NULL, NULL, NULL, NULL),
(159, 33, '120.00', 3, NULL, '2020-03-07 18:38:45', NULL, NULL, 'UNPAID', 'Debit', NULL, NULL, NULL, NULL, NULL),
(160, 33, '100.00', NULL, 10, '2020-03-07 18:38:45', NULL, NULL, 'UNPAID', 'Debit', NULL, NULL, NULL, NULL, NULL),
(161, 33, '100.00', NULL, 12, '2020-03-07 18:38:45', NULL, NULL, 'UNPAID', 'Debit', NULL, NULL, NULL, NULL, NULL),
(162, 33, '100.00', NULL, 25, '2020-03-07 18:38:45', NULL, NULL, 'UNPAID', 'Debit', NULL, NULL, NULL, NULL, NULL),
(163, 33, '100.00', NULL, 30, '2020-03-07 18:38:46', NULL, NULL, 'UNPAID', 'Debit', NULL, NULL, NULL, NULL, NULL),
(164, 33, '90.00', 1, NULL, '2020-03-07 18:38:46', NULL, NULL, 'UNPAID', 'Debit', NULL, NULL, NULL, NULL, NULL),
(165, 34, '120.00', 3, NULL, '2020-03-07 18:38:46', NULL, NULL, 'UNPAID', 'Debit', NULL, NULL, NULL, NULL, NULL),
(166, 34, '100.00', NULL, 10, '2020-03-07 18:38:46', NULL, NULL, 'UNPAID', 'Debit', NULL, NULL, NULL, NULL, NULL),
(167, 34, '100.00', NULL, 12, '2020-03-07 18:38:46', NULL, NULL, 'UNPAID', 'Debit', NULL, NULL, NULL, NULL, NULL),
(168, 34, '100.00', NULL, 25, '2020-03-07 18:38:46', NULL, NULL, 'UNPAID', 'Debit', NULL, NULL, NULL, NULL, NULL),
(169, 34, '100.00', NULL, 30, '2020-03-07 18:38:46', NULL, NULL, 'UNPAID', 'Debit', NULL, NULL, NULL, NULL, NULL),
(170, 34, '90.00', 1, NULL, '2020-03-07 18:38:46', NULL, NULL, 'UNPAID', 'Debit', NULL, NULL, NULL, NULL, NULL),
(171, 35, '120.00', 3, NULL, '2020-03-07 18:38:46', NULL, NULL, 'UNPAID', 'Debit', NULL, NULL, NULL, NULL, NULL),
(172, 35, '100.00', NULL, 10, '2020-03-07 18:38:46', NULL, NULL, 'UNPAID', 'Debit', NULL, NULL, NULL, NULL, NULL),
(173, 35, '100.00', NULL, 12, '2020-03-07 18:38:46', NULL, NULL, 'UNPAID', 'Debit', NULL, NULL, NULL, NULL, NULL),
(174, 35, '100.00', NULL, 25, '2020-03-07 18:38:46', NULL, NULL, 'UNPAID', 'Debit', NULL, NULL, NULL, NULL, NULL),
(175, 35, '100.00', NULL, 30, '2020-03-07 18:38:46', NULL, NULL, 'UNPAID', 'Debit', NULL, NULL, NULL, NULL, NULL),
(176, 35, '90.00', 1, NULL, '2020-03-07 18:38:46', NULL, NULL, 'UNPAID', 'Debit', NULL, NULL, NULL, NULL, NULL),
(177, 36, '120.00', 3, NULL, '2020-03-07 18:38:46', NULL, NULL, 'UNPAID', 'Debit', NULL, NULL, NULL, NULL, NULL),
(178, 36, '100.00', NULL, 10, '2020-03-07 18:38:46', NULL, NULL, 'UNPAID', 'Debit', NULL, NULL, NULL, NULL, NULL),
(179, 36, '100.00', NULL, 12, '2020-03-07 18:38:46', NULL, NULL, 'UNPAID', 'Debit', NULL, NULL, NULL, NULL, NULL),
(180, 36, '100.00', NULL, 25, '2020-03-07 18:38:46', NULL, NULL, 'UNPAID', 'Debit', NULL, NULL, NULL, NULL, NULL),
(181, 36, '100.00', NULL, 30, '2020-03-07 18:38:46', NULL, NULL, 'UNPAID', 'Debit', NULL, NULL, NULL, NULL, NULL),
(182, 36, '90.00', 1, NULL, '2020-03-07 18:38:46', NULL, NULL, 'UNPAID', 'Debit', NULL, NULL, NULL, NULL, NULL),
(183, 37, '120.00', 3, NULL, '2020-03-07 18:38:46', NULL, NULL, 'UNPAID', 'Debit', NULL, NULL, NULL, NULL, NULL),
(184, 37, '100.00', NULL, 10, '2020-03-07 18:38:46', NULL, NULL, 'UNPAID', 'Debit', NULL, NULL, NULL, NULL, NULL),
(185, 37, '100.00', NULL, 12, '2020-03-07 18:38:46', NULL, NULL, 'UNPAID', 'Debit', NULL, NULL, NULL, NULL, NULL),
(186, 37, '100.00', NULL, 25, '2020-03-07 18:38:46', NULL, NULL, 'UNPAID', 'Debit', NULL, NULL, NULL, NULL, NULL),
(187, 37, '100.00', NULL, 30, '2020-03-07 18:38:46', NULL, NULL, 'UNPAID', 'Debit', NULL, NULL, NULL, NULL, NULL),
(188, 37, '90.00', 1, NULL, '2020-03-07 18:38:46', NULL, NULL, 'UNPAID', 'Debit', NULL, NULL, NULL, NULL, NULL),
(189, 38, '120.00', 3, NULL, '2020-03-07 18:38:46', NULL, NULL, 'UNPAID', 'Debit', NULL, NULL, NULL, NULL, NULL),
(190, 38, '100.00', NULL, 10, '2020-03-07 18:38:46', NULL, NULL, 'UNPAID', 'Debit', NULL, NULL, NULL, NULL, NULL),
(191, 38, '100.00', NULL, 12, '2020-03-07 18:38:46', NULL, NULL, 'UNPAID', 'Debit', NULL, NULL, NULL, NULL, NULL),
(192, 38, '100.00', NULL, 25, '2020-03-07 18:38:46', NULL, NULL, 'UNPAID', 'Debit', NULL, NULL, NULL, NULL, NULL),
(193, 38, '100.00', NULL, 30, '2020-03-07 18:38:46', NULL, NULL, 'UNPAID', 'Debit', NULL, NULL, NULL, NULL, NULL),
(194, 38, '90.00', 1, NULL, '2020-03-07 18:38:46', NULL, NULL, 'UNPAID', 'Debit', NULL, NULL, NULL, NULL, NULL),
(195, 39, '120.00', 3, NULL, '2020-03-07 18:38:46', NULL, NULL, 'UNPAID', 'Debit', NULL, NULL, NULL, NULL, NULL),
(196, 39, '100.00', NULL, 10, '2020-03-07 18:38:47', NULL, NULL, 'UNPAID', 'Debit', NULL, NULL, NULL, NULL, NULL),
(197, 39, '100.00', NULL, 12, '2020-03-07 18:38:47', NULL, NULL, 'UNPAID', 'Debit', NULL, NULL, NULL, NULL, NULL),
(198, 39, '100.00', NULL, 25, '2020-03-07 18:38:47', NULL, NULL, 'UNPAID', 'Debit', NULL, NULL, NULL, NULL, NULL),
(199, 39, '100.00', NULL, 30, '2020-03-07 18:38:47', NULL, NULL, 'UNPAID', 'Debit', NULL, NULL, NULL, NULL, NULL),
(200, 39, '90.00', 1, NULL, '2020-03-07 18:38:47', NULL, NULL, 'UNPAID', 'Debit', NULL, NULL, NULL, NULL, NULL),
(201, 40, '120.00', 3, NULL, '2020-03-07 18:38:47', NULL, NULL, 'UNPAID', 'Debit', NULL, NULL, NULL, NULL, NULL),
(202, 40, '100.00', NULL, 10, '2020-03-07 18:38:47', NULL, NULL, 'UNPAID', 'Debit', NULL, NULL, NULL, NULL, NULL),
(203, 40, '100.00', NULL, 12, '2020-03-07 18:38:47', NULL, NULL, 'UNPAID', 'Debit', NULL, NULL, NULL, NULL, NULL),
(204, 40, '100.00', NULL, 25, '2020-03-07 18:38:47', NULL, NULL, 'UNPAID', 'Debit', NULL, NULL, NULL, NULL, NULL),
(205, 40, '100.00', NULL, 30, '2020-03-07 18:38:47', NULL, NULL, 'UNPAID', 'Debit', NULL, NULL, NULL, NULL, NULL),
(206, 40, '90.00', 1, NULL, '2020-03-07 18:38:47', NULL, NULL, 'UNPAID', 'Debit', NULL, NULL, NULL, NULL, NULL),
(207, 41, '120.00', 3, NULL, '2020-03-07 18:38:47', NULL, NULL, 'UNPAID', 'Debit', NULL, NULL, NULL, NULL, NULL),
(208, 41, '100.00', NULL, 10, '2020-03-07 18:38:47', NULL, NULL, 'UNPAID', 'Debit', NULL, NULL, NULL, NULL, NULL),
(209, 41, '100.00', NULL, 12, '2020-03-07 18:38:47', NULL, NULL, 'UNPAID', 'Debit', NULL, NULL, NULL, NULL, NULL),
(210, 41, '100.00', NULL, 25, '2020-03-07 18:38:47', NULL, NULL, 'UNPAID', 'Debit', NULL, NULL, NULL, NULL, NULL),
(211, 41, '100.00', NULL, 30, '2020-03-07 18:38:47', NULL, NULL, 'UNPAID', 'Debit', NULL, NULL, NULL, NULL, NULL),
(212, 41, '90.00', 1, NULL, '2020-03-07 18:38:47', NULL, NULL, 'UNPAID', 'Debit', NULL, NULL, NULL, NULL, NULL),
(213, 42, '120.00', 3, NULL, '2020-03-07 18:38:47', NULL, NULL, 'UNPAID', 'Debit', NULL, NULL, NULL, NULL, NULL),
(214, 42, '100.00', NULL, 10, '2020-03-07 18:38:47', NULL, NULL, 'UNPAID', 'Debit', NULL, NULL, NULL, NULL, NULL),
(215, 42, '100.00', NULL, 12, '2020-03-07 18:38:47', NULL, NULL, 'UNPAID', 'Debit', NULL, NULL, NULL, NULL, NULL),
(216, 42, '100.00', NULL, 25, '2020-03-07 18:38:47', NULL, NULL, 'UNPAID', 'Debit', NULL, NULL, NULL, NULL, NULL),
(217, 42, '100.00', NULL, 30, '2020-03-07 18:38:47', NULL, NULL, 'UNPAID', 'Debit', NULL, NULL, NULL, NULL, NULL),
(218, 42, '90.00', 1, NULL, '2020-03-07 18:38:48', NULL, NULL, 'UNPAID', 'Debit', NULL, NULL, NULL, NULL, NULL),
(219, 43, '120.00', 3, NULL, '2020-03-07 18:38:48', NULL, NULL, 'UNPAID', 'Debit', NULL, NULL, NULL, NULL, NULL),
(220, 43, '100.00', NULL, 10, '2020-03-07 18:38:48', NULL, NULL, 'UNPAID', 'Debit', NULL, NULL, NULL, NULL, NULL),
(221, 43, '100.00', NULL, 12, '2020-03-07 18:38:48', NULL, NULL, 'UNPAID', 'Debit', NULL, NULL, NULL, NULL, NULL),
(222, 43, '100.00', NULL, 25, '2020-03-07 18:38:48', NULL, NULL, 'UNPAID', 'Debit', NULL, NULL, NULL, NULL, NULL),
(223, 43, '100.00', NULL, 30, '2020-03-07 18:38:48', NULL, NULL, 'UNPAID', 'Debit', NULL, NULL, NULL, NULL, NULL),
(224, 43, '90.00', 1, NULL, '2020-03-07 18:38:48', NULL, NULL, 'UNPAID', 'Debit', NULL, NULL, NULL, NULL, NULL),
(225, 44, '120.00', 3, NULL, '2020-03-07 18:38:48', NULL, NULL, 'UNPAID', 'Debit', NULL, NULL, NULL, NULL, NULL),
(226, 44, '100.00', NULL, 10, '2020-03-07 18:38:48', NULL, NULL, 'UNPAID', 'Debit', NULL, NULL, NULL, NULL, NULL),
(227, 44, '100.00', NULL, 12, '2020-03-07 18:38:48', NULL, NULL, 'UNPAID', 'Debit', NULL, NULL, NULL, NULL, NULL),
(228, 44, '100.00', NULL, 25, '2020-03-07 18:38:48', NULL, NULL, 'UNPAID', 'Debit', NULL, NULL, NULL, NULL, NULL),
(229, 44, '100.00', NULL, 30, '2020-03-07 18:38:48', NULL, NULL, 'UNPAID', 'Debit', NULL, NULL, NULL, NULL, NULL),
(230, 44, '90.00', 1, NULL, '2020-03-07 18:38:48', NULL, NULL, 'UNPAID', 'Debit', NULL, NULL, NULL, NULL, NULL),
(231, 45, '120.00', 3, NULL, '2020-03-07 18:38:48', NULL, NULL, 'UNPAID', 'Debit', NULL, NULL, NULL, NULL, NULL),
(232, 45, '100.00', NULL, 10, '2020-03-07 18:38:48', NULL, NULL, 'UNPAID', 'Debit', NULL, NULL, NULL, NULL, NULL),
(233, 45, '100.00', NULL, 12, '2020-03-07 18:38:48', NULL, NULL, 'UNPAID', 'Debit', NULL, NULL, NULL, NULL, NULL),
(234, 45, '100.00', NULL, 25, '2020-03-07 18:38:48', NULL, NULL, 'UNPAID', 'Debit', NULL, NULL, NULL, NULL, NULL),
(235, 45, '100.00', NULL, 30, '2020-03-07 18:38:48', NULL, NULL, 'UNPAID', 'Debit', NULL, NULL, NULL, NULL, NULL),
(236, 45, '90.00', 1, NULL, '2020-03-07 18:38:48', NULL, NULL, 'UNPAID', 'Debit', NULL, NULL, NULL, NULL, NULL),
(237, 46, '120.00', 3, NULL, '2020-03-07 18:38:48', NULL, NULL, 'UNPAID', 'Debit', NULL, NULL, NULL, NULL, NULL),
(238, 46, '100.00', NULL, 10, '2020-03-07 18:38:49', NULL, NULL, 'UNPAID', 'Debit', NULL, NULL, NULL, NULL, NULL),
(239, 46, '100.00', NULL, 12, '2020-03-07 18:38:49', NULL, NULL, 'UNPAID', 'Debit', NULL, NULL, NULL, NULL, NULL),
(240, 46, '100.00', NULL, 25, '2020-03-07 18:38:49', NULL, NULL, 'UNPAID', 'Debit', NULL, NULL, NULL, NULL, NULL),
(241, 46, '100.00', NULL, 30, '2020-03-07 18:38:49', NULL, NULL, 'UNPAID', 'Debit', NULL, NULL, NULL, NULL, NULL),
(242, 46, '90.00', 1, NULL, '2020-03-07 18:38:49', NULL, NULL, 'UNPAID', 'Debit', NULL, NULL, NULL, NULL, NULL),
(243, 47, '120.00', 3, NULL, '2020-03-07 18:38:49', NULL, NULL, 'UNPAID', 'Debit', NULL, NULL, NULL, NULL, NULL),
(244, 47, '100.00', NULL, 10, '2020-03-07 18:38:49', NULL, NULL, 'UNPAID', 'Debit', NULL, NULL, NULL, NULL, NULL),
(245, 47, '100.00', NULL, 12, '2020-03-07 18:38:49', NULL, NULL, 'UNPAID', 'Debit', NULL, NULL, NULL, NULL, NULL),
(246, 47, '100.00', NULL, 25, '2020-03-07 18:38:49', NULL, NULL, 'UNPAID', 'Debit', NULL, NULL, NULL, NULL, NULL),
(247, 47, '100.00', NULL, 30, '2020-03-07 18:38:49', NULL, NULL, 'UNPAID', 'Debit', NULL, NULL, NULL, NULL, NULL),
(248, 47, '90.00', 1, NULL, '2020-03-07 18:38:49', NULL, NULL, 'UNPAID', 'Debit', NULL, NULL, NULL, NULL, NULL),
(249, 48, '120.00', 3, NULL, '2020-03-07 18:38:49', NULL, NULL, 'UNPAID', 'Debit', NULL, NULL, NULL, NULL, NULL),
(250, 48, '100.00', NULL, 10, '2020-03-07 18:38:49', NULL, NULL, 'UNPAID', 'Debit', NULL, NULL, NULL, NULL, NULL),
(251, 48, '100.00', NULL, 12, '2020-03-07 18:38:49', NULL, NULL, 'UNPAID', 'Debit', NULL, NULL, NULL, NULL, NULL),
(252, 48, '100.00', NULL, 25, '2020-03-07 18:38:49', NULL, NULL, 'UNPAID', 'Debit', NULL, NULL, NULL, NULL, NULL),
(253, 48, '100.00', NULL, 30, '2020-03-07 18:38:49', NULL, NULL, 'UNPAID', 'Debit', NULL, NULL, NULL, NULL, NULL),
(254, 48, '90.00', 1, NULL, '2020-03-07 18:38:49', NULL, NULL, 'UNPAID', 'Debit', NULL, NULL, NULL, NULL, NULL),
(255, 49, '120.00', 3, NULL, '2020-03-07 18:38:49', NULL, NULL, 'UNPAID', 'Debit', NULL, NULL, NULL, NULL, NULL),
(256, 49, '100.00', NULL, 10, '2020-03-07 18:38:49', NULL, NULL, 'UNPAID', 'Debit', NULL, NULL, NULL, NULL, NULL),
(257, 49, '100.00', NULL, 12, '2020-03-07 18:38:49', NULL, NULL, 'UNPAID', 'Debit', NULL, NULL, NULL, NULL, NULL),
(258, 49, '100.00', NULL, 25, '2020-03-07 18:38:49', NULL, NULL, 'UNPAID', 'Debit', NULL, NULL, NULL, NULL, NULL),
(259, 49, '100.00', NULL, 30, '2020-03-07 18:38:49', NULL, NULL, 'UNPAID', 'Debit', NULL, NULL, NULL, NULL, NULL),
(260, 49, '90.00', 1, NULL, '2020-03-07 18:38:50', NULL, NULL, 'UNPAID', 'Debit', NULL, NULL, NULL, NULL, NULL),
(261, 50, '120.00', 3, NULL, '2020-03-07 18:38:50', NULL, NULL, 'UNPAID', 'Debit', NULL, NULL, NULL, NULL, NULL),
(262, 50, '100.00', NULL, 10, '2020-03-07 18:38:50', NULL, NULL, 'UNPAID', 'Debit', NULL, NULL, NULL, NULL, NULL),
(263, 50, '100.00', NULL, 12, '2020-03-07 18:38:50', NULL, NULL, 'UNPAID', 'Debit', NULL, NULL, NULL, NULL, NULL),
(264, 50, '100.00', NULL, 25, '2020-03-07 18:38:50', NULL, NULL, 'UNPAID', 'Debit', NULL, NULL, NULL, NULL, NULL),
(265, 50, '100.00', NULL, 30, '2020-03-07 18:38:50', NULL, NULL, 'UNPAID', 'Debit', NULL, NULL, NULL, NULL, NULL),
(266, 50, '90.00', 1, NULL, '2020-03-07 18:38:50', NULL, NULL, 'UNPAID', 'Debit', NULL, NULL, NULL, NULL, NULL),
(267, 51, '120.00', 3, NULL, '2020-03-07 18:38:50', NULL, NULL, 'UNPAID', 'Debit', NULL, NULL, NULL, NULL, NULL),
(268, 51, '100.00', NULL, 10, '2020-03-07 18:38:50', NULL, NULL, 'UNPAID', 'Debit', NULL, NULL, NULL, NULL, NULL),
(269, 51, '100.00', NULL, 12, '2020-03-07 18:38:50', NULL, NULL, 'UNPAID', 'Debit', NULL, NULL, NULL, NULL, NULL),
(270, 51, '100.00', NULL, 25, '2020-03-07 18:38:50', NULL, NULL, 'UNPAID', 'Debit', NULL, NULL, NULL, NULL, NULL),
(271, 51, '100.00', NULL, 30, '2020-03-07 18:38:50', NULL, NULL, 'UNPAID', 'Debit', NULL, NULL, NULL, NULL, NULL),
(272, 51, '90.00', 1, NULL, '2020-03-07 18:38:50', NULL, NULL, 'UNPAID', 'Debit', NULL, NULL, NULL, NULL, NULL);

-- --------------------------------------------------------

--
-- Table structure for table `user_master`
--

CREATE TABLE `user_master` (
  `user_id` int(11) NOT NULL,
  `name` varchar(150) DEFAULT NULL,
  `user_name` varchar(100) DEFAULT NULL,
  `password` varchar(255) DEFAULT NULL,
  `reset` varchar(255) DEFAULT NULL,
  `email` varchar(100) DEFAULT NULL,
  `mobile` varchar(20) DEFAULT NULL,
  `status` enum('Pending','Active','Deactive','') DEFAULT NULL,
  `insert_date` datetime DEFAULT NULL,
  `update_date` datetime DEFAULT NULL,
  `user_type` varchar(20) NOT NULL DEFAULT 'User',
  `address` varchar(1024) DEFAULT NULL,
  `nominee1` varchar(1024) DEFAULT NULL,
  `nominee2` varchar(1024) DEFAULT NULL,
  `nominee1_reimbursement` varchar(1024) DEFAULT NULL,
  `nominee2_reimbursement` varchar(1024) DEFAULT NULL,
  `membership_fee` decimal(14,2) NOT NULL DEFAULT '0.00',
  `demise_date` date DEFAULT NULL,
  `financial_year` year(4) DEFAULT NULL,
  `fy_start_date` date DEFAULT NULL,
  `fy_end_date` date DEFAULT NULL,
  `balance` decimal(14,2) DEFAULT '0.00'
) ENGINE=InnoDB DEFAULT CHARSET=latin1;

--
-- Dumping data for table `user_master`
--

INSERT INTO `user_master` (`user_id`, `name`, `user_name`, `password`, `reset`, `email`, `mobile`, `status`, `insert_date`, `update_date`, `user_type`, `address`, `nominee1`, `nominee2`, `nominee1_reimbursement`, `nominee2_reimbursement`, `membership_fee`, `demise_date`, `financial_year`, `fy_start_date`, `fy_end_date`, `balance`) VALUES
(1, 'Horus CRM', 'admin', '21232f297a57a5a743894a0e4a801fc3', NULL, 'test@gmail.com', '8866748587', 'Active', '2018-07-05 09:24:27', '2019-12-28 06:15:07', 'Admin', NULL, 'Sister', 'Brother', '50', '50', '0.00', NULL, NULL, NULL, NULL, '0.00'),
(2, 'Milan Soni', 'Milan', 'd1f6648a66b1e7c82e34dd142e8a0330', NULL, 'ravip@gmail.com', '8866739817', 'Active', '1980-12-11 15:39:14', '2020-02-29 18:20:38', 'Advance deposite', 'Ahmedabad', 'Sister', 'Brother', '50', '50', '1500.00', NULL, NULL, NULL, NULL, '8320.00'),
(3, 'Mehul Patel', 'Mehul', '5d41402abc4b2a76b9719d911017c592', NULL, 'milansoni44@gmail.com', '4455665544', 'Active', '2019-12-21 05:39:00', '2020-02-29 08:28:17', 'Cheque', 'Kadi', 'Sister', 'Brother', '50', '50', '1500.00', NULL, NULL, NULL, NULL, '0.00'),
(4, 'Ronak Gajjar', 'Mehul', '5d41402abc4b2a76b9719d911017c592', NULL, 'snehalhello@gmail.com', '4455665544', 'Active', '2019-12-21 05:39:00', '2020-02-29 18:20:44', 'Cheque', 'Maninagar', 'Sister', 'Brother', '50', '50', '1500.00', NULL, NULL, NULL, NULL, '0.00'),
(5, 'Rakesh Jangir', NULL, NULL, NULL, NULL, '9161650505', 'Active', '2020-03-06 11:09:26', '2020-03-06 11:09:26', 'ECS', 'Sikar', 'Sister', 'Brother', '2', '2', '90.00', NULL, NULL, NULL, NULL, '0.00'),
(6, 'Nirav Soni', NULL, NULL, NULL, NULL, '9161650505', 'Active', '2020-03-06 11:09:50', '2020-03-06 11:09:50', 'ECS', 'Ahmedabad', 'Sister', 'Brother', '2', '2', '90.00', NULL, NULL, NULL, NULL, '0.00'),
(7, 'Snehal Trapsiya', NULL, NULL, NULL, NULL, '9161650505', 'Active', '2020-03-06 11:10:10', '2020-03-06 11:10:10', 'ECS', 'Ahmedabad', 'Sister', 'Brother', '2', '2', '90.00', NULL, NULL, NULL, NULL, '0.00'),
(8, 'Avinash Singh', NULL, NULL, NULL, NULL, '9161650505', 'Active', '2020-03-06 11:10:25', '2020-03-06 11:10:25', 'ECS', 'Ahmedabad', 'Sister', 'Brother', '2', '2', '90.00', NULL, NULL, NULL, NULL, '0.00'),
(9, 'Devansh Shah', NULL, NULL, NULL, NULL, '9161650505', 'Active', '2020-03-06 11:10:35', '2020-03-06 11:10:35', 'ECS', 'Ahmedabad', 'Sister', 'Brother', '2', '2', '90.00', NULL, NULL, NULL, NULL, '0.00'),
(10, 'Khanjan Shah', NULL, NULL, NULL, NULL, '9161650505', 'Deactive', '2020-03-06 11:10:47', '2020-03-06 11:10:47', 'Cheque', 'Ahmedabad', 'Sister', 'Brother', '2', '2', '90.00', '2019-12-10', NULL, NULL, NULL, NULL),
(11, 'Devendra Jangir', NULL, NULL, NULL, 'milansoni44@gmail.com', '9161650505', 'Active', '2020-03-06 11:11:02', '2020-03-06 11:11:02', 'Advance deposite', 'Sikar', 'Sister', 'Brother', '2', '2', '90.00', NULL, NULL, NULL, NULL, '4960.00'),
(12, 'Atul Purohit', NULL, NULL, NULL, NULL, '9161650505', 'Deactive', '2020-03-06 11:11:11', '2020-03-06 11:11:11', 'Advance deposite', 'Sikar', 'Sister', 'Brother', '2', '2', '90.00', '2019-12-10', NULL, NULL, NULL, NULL),
(13, 'Pooja Patel', NULL, NULL, NULL, NULL, '9161650505', 'Active', '2020-03-06 11:11:19', '2020-03-06 11:11:19', 'Advance deposite', 'Sikar', 'Sister', 'Brother', '2', '2', '90.00', NULL, NULL, NULL, NULL, '4960.00'),
(14, 'Pooja Dave', NULL, NULL, NULL, NULL, '9161650505', 'Active', '2020-03-06 11:11:28', '2020-03-06 11:11:28', 'Advance deposite', 'Sikar', 'Sister', 'Brother', '2', '2', '90.00', NULL, NULL, NULL, NULL, '4960.00'),
(15, 'Ashish Makwana', NULL, NULL, NULL, NULL, '9161650505', 'Active', '2020-03-06 11:11:40', '2020-03-06 11:11:40', 'Cheque', 'Sikar', 'Sister', 'Brother', '2', '2', '90.00', NULL, NULL, NULL, NULL, '0.00'),
(16, 'Ravi Prajapati', NULL, NULL, NULL, NULL, '9161650505', 'Active', '2020-03-06 11:11:53', '2020-03-06 11:11:53', 'ECS', 'Sikar', 'Sister', 'Brother', '2', '2', '90.00', NULL, NULL, NULL, NULL, '0.00'),
(17, 'Urvi Prajapati', NULL, NULL, NULL, NULL, '9161650505', 'Active', '2020-03-06 11:12:05', '2020-03-06 11:12:05', 'ECS', 'Sikar', 'Sister', 'Brother', '2', '2', '90.00', NULL, NULL, NULL, NULL, '0.00'),
(18, 'Dhara Patadia', NULL, NULL, NULL, NULL, '9161650505', 'Active', '2020-03-06 11:12:17', '2020-03-06 11:12:17', 'ECS', 'Sikar', 'Sister', 'Brother', '2', '2', '90.00', NULL, NULL, NULL, NULL, '0.00'),
(19, 'Jitendra Soni', NULL, NULL, NULL, NULL, '9161650505', 'Active', '2020-03-06 11:12:28', '2020-03-06 11:12:28', 'ECS', 'Sikar', 'Sister', 'Brother', '2', '2', '90.00', NULL, NULL, NULL, NULL, '0.00'),
(20, 'Yamin Pipadwala', NULL, NULL, NULL, NULL, '9161650505', 'Active', '2020-03-06 11:12:45', '2020-03-06 11:12:45', 'Advance deposite', 'Sikar', 'Sister', 'Brother', '2', '2', '90.00', NULL, NULL, NULL, NULL, '4960.00'),
(21, 'Harsh Dalwadi', NULL, NULL, NULL, NULL, '9161650505', 'Active', '2020-03-06 11:13:03', '2020-03-06 11:13:03', 'Advance deposite', 'Sikar', 'Sister', 'Brother', '2', '2', '90.00', NULL, NULL, NULL, NULL, '4960.00'),
(22, 'Dhruv Soni', NULL, NULL, NULL, NULL, '9161650505', 'Active', '2020-03-06 11:13:22', '2020-03-06 11:13:22', 'Advance deposite', 'Sikar', 'Sister', 'Brother', '2', '2', '90.00', NULL, NULL, NULL, NULL, '4960.00'),
(23, 'Piyush Chokshi', NULL, NULL, NULL, NULL, '9161650505', 'Active', '2020-03-06 11:13:38', '2020-03-06 11:13:38', 'Advance deposite', 'Sikar', 'Sister', 'Brother', '2', '2', '90.00', NULL, NULL, NULL, NULL, '4960.00'),
(24, 'Rahul Patel', NULL, NULL, NULL, NULL, '9161650505', 'Active', '2020-03-06 11:13:48', '2020-03-06 11:13:48', 'Advance deposite', 'Sikar', 'Sister', 'Brother', '2', '2', '90.00', NULL, NULL, NULL, NULL, '4960.00'),
(25, 'Mukesh Patel', NULL, NULL, NULL, NULL, '9161650505', 'Deactive', '2020-03-06 11:14:07', '2020-03-06 11:14:07', 'Cheque', 'Sikar', 'Sister', 'Brother', '2', '2', '90.00', '2019-12-10', NULL, NULL, NULL, NULL),
(26, 'Samir Soni', NULL, NULL, NULL, NULL, '9161650505', 'Active', '2020-03-06 11:14:15', '2020-03-06 11:14:15', 'Cheque', 'Sikar', 'Sister', 'Brother', '2', '2', '90.00', NULL, NULL, NULL, NULL, '0.00'),
(27, 'Mohammed Zahid Mansuri', NULL, NULL, NULL, NULL, '9161650505', 'Active', '2020-03-06 11:14:26', '2020-03-06 11:14:26', 'Cheque', 'Sikar', 'Sister', 'Brother', '2', '2', '90.00', NULL, NULL, NULL, NULL, '0.00'),
(28, 'Ketan Patel', NULL, NULL, NULL, NULL, '9161650505', 'Active', '2020-03-06 11:14:37', '2020-03-06 11:14:37', 'Cheque', 'Sikar', 'Sister', 'Brother', '2', '2', '90.00', NULL, NULL, NULL, NULL, '0.00'),
(29, 'Ketan Soni', NULL, NULL, NULL, NULL, '9161650505', 'Active', '2020-03-06 11:14:43', '2020-03-06 11:14:43', 'Cheque', 'Sikar', 'Sister', 'Brother', '2', '2', '90.00', NULL, NULL, NULL, NULL, '0.00'),
(30, 'Pooja Prajapati', NULL, NULL, NULL, NULL, '9161650505', 'Deactive', '2020-03-06 11:14:59', '2020-03-06 11:14:59', 'Cheque', 'Sikar', 'Sister', 'Brother', '2', '2', '90.00', '2019-12-10', NULL, NULL, NULL, NULL),
(31, 'Vihana Dhaval Soni', NULL, NULL, NULL, NULL, '9161650505', 'Active', '2020-03-06 11:15:13', '2020-03-06 11:15:13', 'Cheque', 'Sikar', 'Sister', 'Brother', '2', '2', '90.00', NULL, NULL, NULL, NULL, '0.00'),
(32, 'Kavya Patel', NULL, NULL, NULL, NULL, '9161650505', 'Active', '2020-03-06 11:15:26', '2020-03-06 11:15:26', 'Cheque', 'Sikar', 'Sister', 'Brother', '2', '2', '90.00', NULL, NULL, NULL, NULL, '0.00'),
(33, 'Khyati Patel', NULL, NULL, NULL, NULL, '9161650505', 'Active', '2020-03-06 11:15:43', '2020-03-06 11:15:43', 'Cheque', 'Sikar', 'Sister', 'Brother', '2', '2', '90.00', NULL, NULL, NULL, NULL, '0.00'),
(34, 'Darshan Sanghavi', NULL, NULL, NULL, NULL, '9161650505', 'Active', '2020-03-06 11:15:56', '2020-03-06 11:15:56', 'Cheque', 'Sikar', 'Sister', 'Brother', '2', '2', '90.00', NULL, NULL, NULL, NULL, '0.00'),
(35, 'Darshan Parekh', NULL, NULL, NULL, NULL, '9161650505', 'Active', '2020-03-06 11:16:01', '2020-03-06 11:16:01', 'Cheque', 'Sikar', 'Sister', 'Brother', '2', '2', '90.00', NULL, NULL, NULL, NULL, '0.00'),
(36, 'Mitul Soni', NULL, NULL, NULL, NULL, '9161650505', 'Active', '2020-03-06 11:16:12', '2020-03-06 11:16:12', 'Cheque', 'Sikar', 'Sister', 'Brother', '2', '2', '90.00', NULL, NULL, NULL, NULL, '0.00'),
(37, 'Urvish Patel', NULL, NULL, NULL, NULL, '9161650505', 'Active', '2020-03-06 11:16:22', '2020-03-06 11:16:22', 'ECS', 'Sikar', 'Sister', 'Brother', '2', '2', '90.00', NULL, NULL, NULL, NULL, '0.00'),
(38, 'Nainesh Makwana', NULL, NULL, NULL, NULL, '9161650505', 'Active', '2020-03-06 11:16:36', '2020-03-06 11:16:36', 'ECS', 'Sikar', 'Sister', 'Brother', '2', '2', '90.00', NULL, NULL, NULL, NULL, '0.00'),
(39, 'Sachin Prajapati', NULL, NULL, NULL, NULL, '9161650505', 'Active', '2020-03-06 11:16:46', '2020-03-06 11:16:46', 'ECS', 'Sikar', 'Sister', 'Brother', '2', '2', '90.00', NULL, NULL, NULL, NULL, '0.00'),
(40, 'Hiren Vadodariya', NULL, NULL, NULL, NULL, '9161650505', 'Active', '2020-03-06 11:17:07', '2020-03-06 11:17:07', 'ECS', 'Sikar', 'Sister', 'Brother', '2', '2', '90.00', NULL, NULL, NULL, NULL, '0.00'),
(41, 'Dharmang Soni', NULL, NULL, NULL, NULL, '9161650505', 'Active', '2020-03-06 11:17:29', '2020-03-06 11:17:29', 'ECS', 'Sikar', 'Sister', 'Brother', '2', '2', '90.00', NULL, NULL, NULL, NULL, '0.00'),
(42, 'Mitesh Patel', NULL, NULL, NULL, NULL, '9161650505', 'Active', '2020-03-06 11:17:35', '2020-03-06 11:17:35', 'ECS', 'Sikar', 'Sister', 'Brother', '2', '2', '90.00', NULL, NULL, NULL, NULL, '0.00'),
(43, 'Zarna Soni', NULL, NULL, NULL, NULL, '9161650505', 'Active', '2020-03-06 11:17:55', '2020-03-06 11:17:55', 'ECS', 'Sikar', 'Sister', 'Brother', '2', '2', '90.00', NULL, NULL, NULL, NULL, '0.00'),
(44, 'Riken Patel', NULL, NULL, NULL, NULL, '9161650505', 'Active', '2020-03-06 11:18:10', '2020-03-06 11:18:10', 'ECS', 'Sikar', 'Sister', 'Brother', '2', '2', '90.00', NULL, NULL, NULL, NULL, '0.00'),
(45, 'Dhara Mehul Patel', NULL, NULL, NULL, NULL, '9161650505', 'Active', '2020-03-06 11:18:29', '2020-03-06 11:18:29', 'ECS', 'Sikar', 'Sister', 'Brother', '2', '2', '90.00', NULL, NULL, NULL, NULL, '0.00'),
(46, 'Rakesh Patel', NULL, NULL, NULL, NULL, '9161650505', 'Active', '2020-03-06 11:18:36', '2020-03-06 11:18:36', 'ECS', 'Sikar', 'Sister', 'Brother', '2', '2', '90.00', NULL, NULL, NULL, NULL, '0.00'),
(47, 'Sneha Patel', NULL, NULL, NULL, NULL, '9161650505', 'Active', '2020-03-06 11:18:45', '2020-03-06 11:18:45', 'ECS', 'Sikar', 'Sister', 'Brother', '2', '2', '90.00', NULL, NULL, NULL, NULL, '0.00'),
(48, 'Ronak Soni', NULL, NULL, NULL, NULL, '9161650505', 'Active', '2020-03-06 11:19:15', '2020-03-06 11:19:15', 'ECS', 'Sikar', 'Sister', 'Brother', '2', '2', '90.00', NULL, NULL, NULL, NULL, '0.00'),
(49, 'Ronak Patel', NULL, NULL, NULL, NULL, '9161650505', 'Active', '2020-03-06 11:19:20', '2020-03-06 11:19:20', 'ECS', 'Sikar', 'Sister', 'Brother', '2', '2', '90.00', NULL, NULL, NULL, NULL, '0.00'),
(50, 'Vimal Patel', NULL, NULL, NULL, NULL, '9161650505', 'Active', '2020-03-06 11:19:31', '2020-03-06 11:19:31', 'ECS', 'Sikar', 'Sister', 'Brother', '2', '2', '90.00', NULL, NULL, NULL, NULL, '0.00'),
(51, 'Krunal Patel', NULL, NULL, NULL, NULL, '9161650505', 'Active', '2020-03-06 11:19:39', '2020-03-06 11:19:39', 'ECS', 'Sikar', 'Sister', 'Brother', '2', '2', '90.00', NULL, NULL, NULL, NULL, '0.00');

--
-- Indexes for dumped tables
--

--
-- Indexes for table `ledger`
--
ALTER TABLE `ledger`
  ADD PRIMARY KEY (`id`);

--
-- Indexes for table `periodic_email`
--
ALTER TABLE `periodic_email`
  ADD PRIMARY KEY (`id`);

--
-- Indexes for table `periodic_email_attachments`
--
ALTER TABLE `periodic_email_attachments`
  ADD PRIMARY KEY (`id`);

--
-- Indexes for table `transactions`
--
ALTER TABLE `transactions`
  ADD PRIMARY KEY (`id`);

--
-- Indexes for table `user_master`
--
ALTER TABLE `user_master`
  ADD PRIMARY KEY (`user_id`);

--
-- AUTO_INCREMENT for dumped tables
--

--
-- AUTO_INCREMENT for table `ledger`
--
ALTER TABLE `ledger`
  MODIFY `id` int(11) NOT NULL AUTO_INCREMENT, AUTO_INCREMENT=5;

--
-- AUTO_INCREMENT for table `periodic_email`
--
ALTER TABLE `periodic_email`
  MODIFY `id` int(11) NOT NULL AUTO_INCREMENT;

--
-- AUTO_INCREMENT for table `periodic_email_attachments`
--
ALTER TABLE `periodic_email_attachments`
  MODIFY `id` int(11) NOT NULL AUTO_INCREMENT;

--
-- AUTO_INCREMENT for table `transactions`
--
ALTER TABLE `transactions`
  MODIFY `id` int(11) NOT NULL AUTO_INCREMENT, AUTO_INCREMENT=273;

--
-- AUTO_INCREMENT for table `user_master`
--
ALTER TABLE `user_master`
  MODIFY `user_id` int(11) NOT NULL AUTO_INCREMENT, AUTO_INCREMENT=52;
COMMIT;

/*!40101 SET CHARACTER_SET_CLIENT=@OLD_CHARACTER_SET_CLIENT */;
/*!40101 SET CHARACTER_SET_RESULTS=@OLD_CHARACTER_SET_RESULTS */;
/*!40101 SET COLLATION_CONNECTION=@OLD_COLLATION_CONNECTION */;
